sku,lcz,channel2_order_count,channel2_sku_units,cost_source_verdict,units_lcz_verdict,reason,units_evidence,source_sha256,mapping_sha256
1324386,LC-13,0,0,UNAVAILABLE-IN-APPROVED-SOURCE,PAIR_ZERO_PROVEN,No accepted effective-dated order/store-to-LCZ mapping; no SKU aggregate allocated across LCZs.,channel2-sku-aggregate.csv,2c48aa6c32108f468e071577afbca70c56854db7055dc1a3cfeeb067befadb43,NONE
201314,LC-01,0,0,UNAVAILABLE-IN-APPROVED-SOURCE,PAIR_ZERO_PROVEN,No accepted effective-dated order/store-to-LCZ mapping; no SKU aggregate allocated across LCZs.,channel2-sku-aggregate.csv,2c48aa6c32108f468e071577afbca70c56854db7055dc1a3cfeeb067befadb43,NONE
201314,LC-13,0,0,UNAVAILABLE-IN-APPROVED-SOURCE,PAIR_ZERO_PROVEN,No accepted effective-dated order/store-to-LCZ mapping; no SKU aggregate allocated across LCZs.,channel2-sku-aggregate.csv,2c48aa6c32108f468e071577afbca70c56854db7055dc1a3cfeeb067befadb43,NONE
420469,LC-01,0,0,UNAVAILABLE-IN-APPROVED-SOURCE,PAIR_ZERO_PROVEN,No accepted effective-dated order/store-to-LCZ mapping; no SKU aggregate allocated across LCZs.,channel2-sku-aggregate.csv,2c48aa6c32108f468e071577afbca70c56854db7055dc1a3cfeeb067befadb43,NONE
420470,LC-13,0,0,UNAVAILABLE-IN-APPROVED-SOURCE,PAIR_ZERO_PROVEN,No accepted effective-dated order/store-to-LCZ mapping; no SKU aggregate allocated across LCZs.,channel2-sku-aggregate.csv,2c48aa6c32108f468e071577afbca70c56854db7055dc1a3cfeeb067befadb43,NONE
420488,LC-13,0,0,UNAVAILABLE-IN-APPROVED-SOURCE,PAIR_ZERO_PROVEN,No accepted effective-dated order/store-to-LCZ mapping; no SKU aggregate allocated across LCZs.,channel2-sku-aggregate.csv,2c48aa6c32108f468e071577afbca70c56854db7055dc1a3cfeeb067befadb43,NONE
1086071,LC-01,1,8,UNAVAILABLE-IN-APPROVED-SOURCE,LCZ_UNRESOLVED,No accepted effective-dated order/store-to-LCZ mapping; no SKU aggregate allocated across LCZs.,channel2-sku-aggregate.csv,2c48aa6c32108f468e071577afbca70c56854db7055dc1a3cfeeb067befadb43,NONE
117318,LC-13,4,4,UNAVAILABLE-IN-APPROVED-SOURCE,LCZ_UNRESOLVED,No accepted effective-dated order/store-to-LCZ mapping; no SKU aggregate allocated across LCZs.,channel2-sku-aggregate.csv,2c48aa6c32108f468e071577afbca70c56854db7055dc1a3cfeeb067befadb43,NONE
420345,LC-13,12,217,UNAVAILABLE-IN-APPROVED-SOURCE,LCZ_UNRESOLVED,No accepted effective-dated order/store-to-LCZ mapping; no SKU aggregate allocated across LCZs.,channel2-sku-aggregate.csv,2c48aa6c32108f468e071577afbca70c56854db7055dc1a3cfeeb067befadb43,NONE
420458,LC-13,23,313,UNAVAILABLE-IN-APPROVED-SOURCE,LCZ_UNRESOLVED,No accepted effective-dated order/store-to-LCZ mapping; no SKU aggregate allocated across LCZs.,channel2-sku-aggregate.csv,2c48aa6c32108f468e071577afbca70c56854db7055dc1a3cfeeb067befadb43,NONE
420460,LC-13,12,490,UNAVAILABLE-IN-APPROVED-SOURCE,LCZ_UNRESOLVED,No accepted effective-dated order/store-to-LCZ mapping; no SKU aggregate allocated across LCZs.,channel2-sku-aggregate.csv,2c48aa6c32108f468e071577afbca70c56854db7055dc1a3cfeeb067befadb43,NONE
420464,LC-13,12,50,UNAVAILABLE-IN-APPROVED-SOURCE,LCZ_UNRESOLVED,No accepted effective-dated order/store-to-LCZ mapping; no SKU aggregate allocated across LCZs.,channel2-sku-aggregate.csv,2c48aa6c32108f468e071577afbca70c56854db7055dc1a3cfeeb067befadb43,NONE
420466,LC-13,5,17,UNAVAILABLE-IN-APPROVED-SOURCE,LCZ_UNRESOLVED,No accepted effective-dated order/store-to-LCZ mapping; no SKU aggregate allocated across LCZs.,channel2-sku-aggregate.csv,2c48aa6c32108f468e071577afbca70c56854db7055dc1a3cfeeb067befadb43,NONE
420484,LC-13,7,14,UNAVAILABLE-IN-APPROVED-SOURCE,LCZ_UNRESOLVED,No accepted effective-dated order/store-to-LCZ mapping; no SKU aggregate allocated across LCZs.,channel2-sku-aggregate.csv,2c48aa6c32108f468e071577afbca70c56854db7055dc1a3cfeeb067befadb43,NONE
420491,LC-13,1,1,UNAVAILABLE-IN-APPROVED-SOURCE,LCZ_UNRESOLVED,No accepted effective-dated order/store-to-LCZ mapping; no SKU aggregate allocated across LCZs.,channel2-sku-aggregate.csv,2c48aa6c32108f468e071577afbca70c56854db7055dc1a3cfeeb067befadb43,NONE
420627,AH-01,14,15,UNAVAILABLE-IN-APPROVED-SOURCE,LCZ_UNRESOLVED,No accepted effective-dated order/store-to-LCZ mapping; no SKU aggregate allocated across LCZs.,channel2-sku-aggregate.csv,2c48aa6c32108f468e071577afbca70c56854db7055dc1a3cfeeb067befadb43,NONE
420627,LC-01,14,15,UNAVAILABLE-IN-APPROVED-SOURCE,LCZ_UNRESOLVED,No accepted effective-dated order/store-to-LCZ mapping; no SKU aggregate allocated across LCZs.,channel2-sku-aggregate.csv,2c48aa6c32108f468e071577afbca70c56854db7055dc1a3cfeeb067befadb43,NONE
420630,AH-01,1,1,UNAVAILABLE-IN-APPROVED-SOURCE,LCZ_UNRESOLVED,No accepted effective-dated order/store-to-LCZ mapping; no SKU aggregate allocated across LCZs.,channel2-sku-aggregate.csv,2c48aa6c32108f468e071577afbca70c56854db7055dc1a3cfeeb067befadb43,NONE
420630,LC-13,1,1,UNAVAILABLE-IN-APPROVED-SOURCE,LCZ_UNRESOLVED,No accepted effective-dated order/store-to-LCZ mapping; no SKU aggregate allocated across LCZs.,channel2-sku-aggregate.csv,2c48aa6c32108f468e071577afbca70c56854db7055dc1a3cfeeb067befadb43,NONE
