table_name,column_ordinal,column_name,declared_type,is_not_null,pk_position
CAT_ASSOC_PriceMatchDistributorLocation,0,PriceMatchDistributorLocationID,INT,1,0
CAT_ASSOC_PriceMatchDistributorLocation,1,PriceMatchID,INT,1,0
CAT_ASSOC_PriceMatchDistributorLocation,2,DistributorLocationID,INT,1,0
CAT_ASSOC_PriceMatchStore,0,PriceMatchStoreID,INT,1,0
CAT_ASSOC_PriceMatchStore,1,PriceMatchID,INT,1,0
CAT_ASSOC_PriceMatchStore,2,StoreID,INT,1,0
CAT_ASSOC_ProductMFRSKUDistributorLocation,0,ProductMFRSKUDistributorLocationID,INT,1,0
CAT_ASSOC_ProductMFRSKUDistributorLocation,1,ProductMFRSKUID,INT,1,0
CAT_ASSOC_ProductMFRSKUDistributorLocation,2,DistributorLocationID,INT,1,0
CAT_Division,5,LastUpdatedBy,nvarchar(128),1,0
CAT_Division,6,LastUpdatedOn,datetime2(2),1,0
CAT_PriceMatch,4,StartDate,date,1,0
CAT_PriceMatch,5,EndDate,date,0,0
CAT_PriceMatch,9,LastUpdatedBy,varchar(50),1,0
CAT_PriceMatch,10,LastUpdatedOn,datetime2(2),1,0
CAT_PriceMatchItem,6,LastUpdatedBy,varchar(50),1,0
CAT_PriceMatchItem,7,LastUpdatedOn,datetime2(2),1,0
CAT_PriceMatchRange,6,LastUpdatedBy,varchar(50),1,0
CAT_PriceMatchRange,7,LastUpdatedOn,datetime2(2),1,0
CAT_Product,18,LastUpdatedBy,varchar(50),1,0
CAT_Product,19,LastUpdatedOn,datetime2(2),1,0
CAT_Product,23,InactiveDate,date,0,0
CAT_Product,61,ProgramStartDate,date,0,0
CAT_Product,62,ProgramEndDate,date,0,0
CAT_ProductCategory,5,LastUpdatedBy,varchar(50),1,0
CAT_ProductCategory,6,LastUpdatedOn,datetime2(2),1,0
CAT_ProductDimension,4,LastUpdatedBy,varchar(50),1,0
CAT_ProductDimension,5,LastUpdatedOn,datetime2(2),1,0
CAT_ProductException,7,LastUpdatedBy,varchar(50),1,0
CAT_ProductException,8,LastUpdatedOn,datetime2(2),1,0
CAT_ProductException,9,LocationID,INT,0,0
CAT_ProductLine,5,LastUpdatedBy,varchar(50),1,0
CAT_ProductLine,6,LastUpdatedOn,datetime2(2),1,0
CAT_ProductMFRSKU,9,LastUpdatedBy,varchar(50),1,0
CAT_ProductMFRSKU,10,LastUpdatedOn,datetime2(2),1,0
CAT_ProductMFRSKU,14,InactiveDate,date,0,0
CAT_ProductUOM,5,LastUpdatedBy,varchar(50),1,0
CAT_ProductUOM,6,LastUpdatedOn,datetime2(2),1,0
CAT_SubProductCategory,6,LastUpdatedBy,varchar(50),1,0
CAT_SubProductCategory,7,LastUpdatedOn,datetime2(2),1,0
CAT_SubProductLine,7,LastUpdatedBy,varchar(50),1,0
CAT_SubProductLine,8,LastUpdatedOn,datetime2(2),1,0
COM_Budget,4,DatePeriod,date,1,0
COM_Budget,7,LastUpdatedBy,varchar(50),1,0
COM_Budget,8,LastUpdatedOn,datetime2(2),1,0
COM_CFIDealerAssignment,4,LastUpdatedBy,varchar(50),1,0
COM_CFIDealerAssignment,5,LastUpdatedOn,datetime2(2),1,0
COM_CFIDealerAssignment,9,StartDate,datetime,0,0
COM_CFIDealerAssignment,10,EndDate,datetime,0,0
COM_Company,0,CompanyID,INT,1,0
COM_Company,1,CompanyCode,varchar(41),0,0
COM_Company,2,CompanyName,varchar(256),1,0
COM_Company,3,ParentCompanyID,INT,0,0
COM_Company,4,Phone,varchar(100),0,0
COM_Company,5,Fax,varchar(100),0,0
COM_Company,6,ContractStartDate,datetime,0,0
COM_Company,7,ContractEndDate,datetime,0,0
COM_Company,8,CompanyTypeID,INT,1,0
COM_Company,9,LogoFileName,varchar(128),0,0
COM_Company,10,PA_Address1,varchar(256),0,0
COM_Company,11,PA_Address2,varchar(256),0,0
COM_Company,12,PA_Zip,varchar(20),0,0
COM_Company,13,PA_City,varchar(128),0,0
COM_Company,14,PA_State,varchar(30),0,0
COM_Company,15,PA_CountryCode,varchar(2),0,0
COM_Company,16,MA_Attention,varchar(100),0,0
COM_Company,17,MA_Address1,varchar(256),0,0
COM_Company,18,MA_Address2,varchar(256),0,0
COM_Company,19,MA_Zip,varchar(20),0,0
COM_Company,20,MA_City,varchar(128),0,0
COM_Company,21,MA_State,varchar(30),0,0
COM_Company,22,MA_CountryCode,varchar(2),0,0
COM_Company,23,CreatedBy,varchar(50),1,0
COM_Company,24,CreatedOn,datetime2(2),1,0
COM_Company,25,LastUpdatedBy,varchar(50),1,0
COM_Company,26,LastUpdatedOn,datetime2(2),1,0
COM_Company,27,GUID,uniqueidentifier,1,0
COM_Company,28,VendorNumber,varchar(32),0,0
COM_Company,29,WebSiteUrl,varchar(128),0,0
COM_Company,30,Note,varchar,0,0
COM_Company,31,CustomerTypeID,INT,0,0
COM_Company,32,Region,varchar(255),0,0
COM_Company,33,District,INT,0,0
COM_Company,34,County,varchar(32),0,0
COM_Company,35,DetailFee,"decimal(10,3)",0,0
COM_Company,36,PriceRegionID,INT,0,0
COM_Company,37,Inactive,bit,1,0
COM_Company,38,Email,varchar(256),0,0
COM_Company,39,TermFromID,INT,0,0
COM_Company,40,TermToID,INT,0,0
COM_Company,41,CreditLimit,"decimal(12,5)",0,0
COM_Company,42,LiabilityInsExp,date,0,0
COM_Company,43,AutoInsExp,date,0,0
COM_Company,44,WorkCompExp,date,0,0
COM_Company,45,BackgroundCheck,bit,0,0
COM_Company,46,ValidShipDays,tinyint,0,0
COM_Company,47,CDC,varchar(10),0,0
COM_Company,48,CustomerNumber,varchar(40),0,0
COM_Company,49,TaxRate,"decimal(4,2)",0,0
COM_Company,50,TaxID,varchar(16),0,0
COM_Company,51,TaxExemptID,varchar(16),0,0
COM_Company,52,SalesRepID,INT,0,0
COM_Company,53,StockingOrderWorkflowID,INT,0,0
COM_Company,54,TimeZoneID,INT,0,0
COM_Company,55,SalesMngrID,INT,0,0
COM_Company,56,SalesChannelID,INT,0,0
COM_Company,57,IsParent,bit,1,0
COM_Company,58,KitchenDeptFax,varchar(100),0,0
COM_Company,59,SalesTaxCertExp,date,0,0
COM_Company,60,COOID,INT,0,0
COM_Company,61,SquareFootageRoundingID,INT,0,0
COM_Company,62,MorawareUrl,varchar(255),0,0
COM_Company,63,MorawareIntegration,bit,1,0
COM_Company,64,MorawareApiVersion,INT,0,0
COM_Company,65,MorawareRONumberField,varchar(100),0,0
COM_Company,66,MorawareAccountView,varchar(100),0,0
COM_Company,67,MapImageAwsS3key,varchar(45),0,0
COM_Company,68,MapImageUpdatedOn,datetime,0,0
COM_Company,69,CustomerNotifications,bit,0,0
COM_Company,70,CompanyLogo,varchar(250),0,0
COM_Company,71,TerritoryMngrID,INT,0,0
COM_Company,72,MorawareImportFiles,bit,1,0
COM_Company,73,MorawareImportNotes,bit,1,0
COM_Company,74,MorawareExportDates,bit,1,0
COM_Company,75,MorawareExportFiles,bit,1,0
COM_Company,76,MorawareExportNotes,bit,1,0
COM_Company,77,MorawareExportOrders,bit,1,0
COM_Company,78,MorawareNewJobTemplate,varchar(100),0,0
COM_Company,79,MorawareNewJobAccount,varchar(100),0,0
COM_Company,80,MorawareImportNotesActivity,varchar(100),0,0
COM_Company,81,MorawareExportNotesActivity,varchar(100),0,0
COM_Company,82,Lat,"decimal(11,8)",0,0
COM_Company,83,Lon,"decimal(11,8)",0,0
COM_Company,84,MorawareExportNotesActivityStatus,varchar(100),0,0
COM_Company,85,CurrentLayout,varchar(50),0,0
COM_Company,86,CurrentLayoutDate,datetime,0,0
COM_Company,87,ResetLayout,varchar(50),0,0
COM_Company,88,ResetLayoutDate,datetime,0,0
COM_Company,89,MorawareProcess,varchar(100),0,0
COM_Company,90,GraniteDistributor,varchar(20),0,0
COM_Company,91,MorawareCompletedCOCFileType,varchar(100),0,0
COM_Company,92,DMISEmail,varchar(254),0,0
COM_Company,93,DMISPersonName,varchar(128),0,0
COM_Company,94,DivisionId,INT,0,0
COM_Company,95,MorawareExportWorkOrders,bit,1,0
COM_Company,96,MorawareNewWOTemplate,varchar(100),0,0
COM_Company,97,MorawareNewWOAccount,varchar(100),0,0
COM_Company,98,MorawareCompletedWOFileType,varchar(100),0,0
COM_Company,99,CustNotifContactEmail,varchar(100),0,0
COM_Company,100,CustNotifContactPhone,varchar(100),0,0
COM_Company,101,CustNotifContactEntity,varchar(100),0,0
COM_Company,102,InvoiceMethodID,INT,0,0
COM_Company,103,InvoiceTypeID,INT,0,0
COM_Company,104,LicenseExpirationDate,date,0,0
COM_Company,105,LicenseExpirationDate2,date,0,0
COM_Company,106,LicenseType,varchar(300),0,0
COM_Company,107,LicenseType2,varchar(300),0,0
COM_Company,108,CEPortalEnabled,bit,0,0
COM_Company,109,QuoteDaysValid,INT,0,0
COM_Company,110,BusinessFlowID,INT,0,0
COM_Company,111,ECommerceDealer,bit,1,0
COM_Company,112,PricingLogicID,INT,0,0
COM_Company,113,StoreDivision,varchar(10),0,0
COM_Company,114,Market,INT,0,0
COM_Company,115,TravelDistanceInMiles,"decimal(10,2)",0,0
COM_Company,116,InsideSalesRepID,INT,0,0
COM_Company,117,Contact,varchar(100),0,0
COM_Company,118,CustNotifCabContactEmail,varchar(100),0,0
COM_Company,119,CustNotifCabContactPhone,varchar(100),0,0
COM_Company,120,HausProSalesRepID,INT,0,0
COM_Company,121,HausProSalesMngrID,INT,0,0
COM_Company,122,HausProInsideSalesRepID,INT,0,0
COM_Company,123,HausProCustomerNumber,varchar(40),0,0
COM_Company,124,HausProBackgroundCheck,bit,0,0
COM_Company,125,HausProTermFromID,INT,0,0
COM_Company,126,HausProTermToID,INT,0,0
COM_Company,127,HausProPriceRegionID,INT,0,0
COM_Company,128,HausProCustomerTypeID,INT,0,0
COM_Company,129,HausProVendorNumber,varchar(32),0,0
COM_Company,130,PrimaryPortalLogo,nvarchar(500),0,0
COM_CompanySetting,0,CompanySettingID,INT,1,0
COM_CompanySetting,1,CompanyID,INT,1,0
COM_CompanySetting,2,SettingName,varchar(100),1,0
COM_CompanySetting,3,SettingValue,nvarchar(1024),0,0
COM_CompanySetting,4,CreatedBy,varchar(50),1,0
COM_CompanySetting,5,CreatedOn,datetime2(2),1,0
COM_CompanySetting,6,LastUpdatedBy,varchar(50),1,0
COM_CompanySetting,7,LastUpdatedOn,datetime2(2),1,0
COM_CompanyType,0,CompanyTypeID,INT,1,0
COM_CompanyType,1,CompanyTypeCode,varchar(20),1,0
COM_CompanyType,2,CompanyTypeName,varchar(100),1,0
COM_DistributorAssignment,4,LastUpdatedBy,varchar(50),1,0
COM_DistributorAssignment,5,LastUpdatedOn,datetime2(2),1,0
COM_DistributorAssignment,7,LocationID,INT,1,0
COM_DistributorAssignment,11,ValidShipDays,tinyint,0,0
COM_DistributorAssignment,22,RangeOfRecurrenceStartDate,datetime,0,0
COM_DistributorAssignment,23,RangeOfRecurrenceEndDate,datetime,0,0
COM_DistributorAssignment,27,NoEndDate,bit,0,0
COM_InternalStoreVisit,0,InternalStoreVisitID,INT,1,0
COM_InternalStoreVisit,1,FileRowId,INT,1,0
COM_InternalStoreVisit,2,StartTime,datetime,0,0
COM_InternalStoreVisit,3,CompletionTime,datetime,0,0
COM_InternalStoreVisit,4,Email,varchar(300),0,0
COM_InternalStoreVisit,5,Name,varchar(300),0,0
COM_InternalStoreVisit,6,StoreVisitDate,datetime,0,0
COM_InternalStoreVisit,7,StoreVisitTime,varchar(10),0,0
COM_InternalStoreVisit,8,StoreNumber,varchar(30),0,0
COM_InternalStoreVisit,9,AssociateNameAndEmail,varchar(2000),0,0
COM_InternalStoreVisit,10,AssociateGoOverSalesNumber,varchar(200),0,0
COM_InternalStoreVisit,11,AssociateComfortableWithSystem,varchar(200),0,0
COM_InternalStoreVisit,12,CurrentPromoReviewed,varchar(300),0,0
COM_InternalStoreVisit,13,MissingOrOutdatedSamples,varchar(2000),0,0
COM_InternalStoreVisit,14,AssociateOpinionAboutFabricator,varchar(3000),0,0
COM_InternalStoreVisit,15,ResetTakingPlace,varchar(200),0,0
COM_InternalStoreVisit,16,RetailStore,varchar(200),0,0
COM_InternalStoreVisit,17,AssociateHaveMetisMembershipLogin,varchar(300),0,0
COM_InternalStoreVisit,18,HostedEventType,varchar(300),0,0
COM_InternalStoreVisit,19,AdditionalCustomerFeedback,varchar(3000),0,0
COM_InternalStoreVisit,20,AdditionalFeedback,varchar(3000),0,0
COM_InternalStoreVisit,21,VisitType,varchar(20),0,0
COM_InternalStoreVisit,22,ResolvedActionsTaked,varchar(200),0,0
COM_InternalStoreVisit,23,CabinetInstaller,varchar(300),0,0
COM_InternalStoreVisit,24,LinkForVisitPhotos,varchar(3000),0,0
COM_LCZLookup,0,LCZLookupID,INT,1,0
COM_LCZLookup,1,CompanyId,INT,1,0
COM_LCZLookup,2,ZipCode,varchar(5),1,0
COM_Location,0,LocationID,INT,1,0
COM_Location,1,CompanyID,INT,1,0
COM_Location,2,LocationCode,varchar(30),1,0
COM_Location,3,LocationName,varchar(300),1,0
COM_Location,4,Address1,varchar(256),0,0
COM_Location,5,Address2,varchar(256),0,0
COM_Location,6,Zip,varchar(30),0,0
COM_Location,7,City,varchar(128),0,0
COM_Location,8,State,varchar(20),0,0
COM_Location,9,CountryCode,varchar(2),0,0
COM_Location,10,Phone,varchar(100),0,0
COM_Location,11,Fax,varchar(100),0,0
COM_Location,12,DefaultLocationFlag,bit,1,0
COM_Location,13,ExcludeFromPortal,bit,1,0
COM_Location,14,CreatedBy,varchar(50),1,0
COM_Location,15,CreatedOn,datetime2(2),1,0
COM_Location,16,LastUpdatedBy,varchar(50),1,0
COM_Location,17,LastUpdatedOn,datetime2(2),1,0
COM_Location,18,TaxRate,"decimal(7,6)",0,0
COM_Location,19,TaxExemptNbr,varchar(64),0,0
COM_Location,20,Inactive,bit,1,0
COM_Location,21,ContactName,varchar(40),0,0
COM_Location,22,WillCall,bit,0,0
COM_Location,23,Lat,"decimal(11,8)",0,0
COM_Location,24,Lon,"decimal(11,8)",0,0
COM_Location,25,ShowroomHours,varchar(300),0,0
COM_Location,26,LocationMapAwsS3Key,varchar(45),0,0
COM_LocationFreightCustomerType,0,LocationFreightCustomerTypeID,INT,1,0
COM_LocationFreightCustomerType,1,LocationID,INT,1,0
COM_LocationFreightCustomerType,2,MOFreightCustomerTypeID,INT,0,0
COM_LocationFreightCustomerType,3,DistributorAssignmentID,INT,1,0
COM_LocationFreightCustomerType,4,POFreightCustomerTypeID,INT,0,0
COM_LocationFreightCustomerType,5,Inactive,bit,1,0
COM_ManufacturerDistributorAssignment,3,LastUpdatedBy,varchar(50),1,0
COM_ManufacturerDistributorAssignment,4,LastUpdatedOn,datetime2(2),1,0
COM_ProductAssignment,4,LastUpdatedBy,varchar(50),1,0
COM_ProductAssignment,5,LastUpdatedOn,datetime2(2),1,0
COM_SalesRep,3,AssignedMgrID,INT,0,0
COM_SalesRep,7,LastUpdatedBy,varchar(50),1,0
COM_SalesRep,8,LastUpdatedOn,datetime2(2),1,0
COM_ServiceProviderAssignment,5,LastUpdatedBy,varchar(50),1,0
COM_ServiceProviderAssignment,6,LastUpdatedOn,datetime2(2),1,0
COM_StoreVisit,0,StoreVisitID,INT,1,0
COM_StoreVisit,1,FileRowId,INT,1,0
COM_StoreVisit,2,StartTime,datetime,0,0
COM_StoreVisit,3,CompletionTime,datetime,0,0
COM_StoreVisit,4,Email,varchar(300),0,0
COM_StoreVisit,5,Name,varchar(300),0,0
COM_StoreVisit,6,CompanyId,INT,0,0
COM_StoreVisit,7,CompanyName,varchar(1000),0,0
COM_StoreVisit,8,FormCompletedBy,varchar(1000),0,0
COM_StoreVisit,9,StoreVisitDate,datetime,0,0
COM_StoreVisit,10,StoreVisitTime,varchar(300),0,0
COM_StoreVisit,11,StoreNumber,INT,0,0
COM_StoreVisit,12,ScheduledVisitOrDropIn,varchar(30),0,0
COM_StoreVisit,13,MeetWithToday,varchar(2000),0,0
COM_StoreVisit,14,AssociateName,varchar(2000),0,0
COM_StoreVisit,15,AssociateEmail,varchar(300),0,0
COM_StoreVisit,16,AssociateHaveMetisMembershipLogin,varchar(300),0,0
COM_StoreVisit,17,EmailedCustomerServiceToCreateAssociate,varchar(300),0,0
COM_StoreVisit,18,AssociateOpinionAboutSystem,varchar(3000),0,0
COM_StoreVisit,19,ItemsApplied,varchar(2000),0,0
COM_StoreVisit,20,CurrentPromoReviewed,varchar(300),0,0
COM_StoreVisit,21,DisplaySamplesUpToDate,varchar(300),0,0
COM_StoreVisit,22,MissingOrOutdatedSamples,varchar(2000),0,0
COM_StoreVisit,23,ReorderNumbersProvided,varchar(300),0,0
COM_StoreVisit,24,SpokenToMst,varchar(300),0,0
COM_StoreVisit,25,MstEmailAddress,varchar(300),0,0
COM_StoreVisit,26,SpokenToSasm,varchar(300),0,0
COM_StoreVisit,27,SasmName,varchar(2000),0,0
COM_StoreVisit,28,SasmEmailAddress,varchar(300),0,0
COM_StoreVisit,29,SalesNumbersReviewed,varchar(300),0,0
COM_StoreVisit,30,CounterTopsFeedback,varchar(3000),0,0
COM_StoreVisit,31,OverallCondition,INT,0,0
COM_StoreVisit,32,AdditionalFeedback,varchar(3000),0,0
COM_StoreVisit,33,MeetSomeoneToday,varchar(1000),0,0
COM_StoreVisit,34,FirstNameLastName,varchar(1000),0,0
COM_StoreVisit,35,WhichRetailAccount,varchar(300),0,0
COM_StoreVisit,36,WhoMeetWithToday,varchar(1000),0,0
ORD_AuditResult,15,Validator,money,0,0
ORD_AuditResult,16,CFIValidator,money,0,0
ORD_AuditResult,17,BranchValidator,money,0,0
ORD_AuditResult,18,Valid,bit,1,0
ORD_AuditResult,22,InvoiceDate,datetime,0,0
ORD_AuditResult,23,DueDate,datetime,0,0
ORD_AuditResult,25,StoreNumber,varchar(50),0,0
ORD_CreditMemo,8,LastUpdatedBy,varchar(50),1,0
ORD_CreditMemo,9,LastUpdatedOn,datetime2(2),1,0
ORD_CreditMemoProduct,9,LastUpdatedBy,varchar(50),1,0
ORD_CreditMemoProduct,10,LastUpdatedOn,datetime2(2),1,0
ORD_Document,3,UploadDate,datetime2(2),1,0
ORD_Document,4,ParentGUID,uniqueidentifier,1,0
ORD_InvalidPricing,0,InvalidPricingID,INT,1,0
ORD_InvalidPricing,4,RODate,date,0,0
ORD_InvalidPricing,5,StoreNumber,varchar(40),0,0
ORD_InvalidPricing,10,InvalidPrice,"decimal(10,3)",0,0
ORD_MOProduct,7,LastUpdatedBy,varchar(50),1,0
ORD_MOProduct,8,LastUpdatedOn,datetime2(2),1,0
ORD_MOProduct,16,ProductRequestedShipDate,datetime,0,0
ORD_MOProduct,17,ProductRequestedDeliveryDate,datetime,0,0
ORD_MOProductOption,5,LastUpdatedBy,varchar(50),1,0
ORD_MOProductOption,6,LastUpdatedOn,datetime2(2),1,0
ORD_MaterialOrder,0,MaterialOrderID,INT,1,0
ORD_MaterialOrder,1,MODate,datetime,1,0
ORD_MaterialOrder,2,MOTypeID,INT,0,0
ORD_MaterialOrder,3,ShipToLocationID,INT,1,0
ORD_MaterialOrder,4,COMPONumber,varchar(40),0,0
ORD_MaterialOrder,5,OrderStatusID,INT,1,0
ORD_MaterialOrder,6,RetailOrderID,INT,0,0
ORD_MaterialOrder,7,SalesChannelID,INT,1,0
ORD_MaterialOrder,8,FinLink,bit,1,0
ORD_MaterialOrder,9,MatLink,bit,1,0
ORD_MaterialOrder,10,RequestedShipDate,date,0,0
ORD_MaterialOrder,11,CutCharges,"decimal(7,2)",0,0
ORD_MaterialOrder,12,SalesTax,"decimal(7,2)",0,0
ORD_MaterialOrder,13,CreatedBy,varchar(50),1,0
ORD_MaterialOrder,14,CreatedOn,datetime2(2),1,0
ORD_MaterialOrder,15,LastUpdatedBy,varchar(50),1,0
ORD_MaterialOrder,16,LastUpdatedOn,datetime2(2),1,0
ORD_MaterialOrder,17,GUID,uniqueidentifier,1,0
ORD_MaterialOrder,18,MONumber,varchar(40),1,0
ORD_MaterialOrder,19,CompanyID,INT,0,0
ORD_MaterialOrder,20,ProductLineID,INT,0,0
ORD_MaterialOrder,21,InvoiceNumber,varchar(40),0,0
ORD_MaterialOrder,22,InvoiceDate,date,0,0
ORD_MaterialOrder,23,AmountBilled,money,0,0
ORD_MaterialOrder,24,DatePaid,date,0,0
ORD_MaterialOrder,25,AmountPaid,money,0,0
ORD_MaterialOrder,26,CheckNumber,varchar(40),0,0
ORD_MaterialOrder,27,QuickBooksPayableFlag,bit,1,0
ORD_MaterialOrder,28,QuickBooksInvoiceFlag,bit,1,0
ORD_MaterialOrder,29,QuickBooksCreditMemoFlag,bit,1,0
ORD_MaterialOrder,30,QuickBooksCreditFlag,bit,1,0
ORD_MaterialOrder,31,FinalFlag,bit,1,0
ORD_MaterialOrder,32,InvoiceTypeID,INT,0,0
ORD_MaterialOrder,33,OriginalMaterialOrderID,INT,0,0
ORD_MaterialOrder,34,QuickBooksCreditMOFlag,bit,1,0
ORD_MaterialOrder,35,CreditNumberMemo,varchar(40),0,0
ORD_MaterialOrder,36,CreditAmountMemo,money,0,0
ORD_MaterialOrder,37,CreditDateMemo,date,0,0
ORD_MaterialOrder,38,QBInvDisCFIDownloadedDate,datetime,0,0
ORD_MaterialOrder,39,QBCFICreditDownloadedDate,datetime,0,0
ORD_MaterialOrder,40,QBDistCreditDownloadedDate,datetime,0,0
ORD_MaterialOrder,41,IsHausPro,bit,1,0
ORD_NegVoucher,2,RODate,date,0,0
ORD_NegVoucher,3,InvoiceDate,date,0,0
ORD_NegVoucher,8,DatePaid,date,0,0
ORD_NegVoucher,11,QBNegInvDownloadedDate,datetime,0,0
ORD_OutOfStock,3,ExpectedShipDate,datetime,0,0
ORD_OutOfStock,7,EstimatedDeliveryDate,date,0,0
ORD_POInvProduct,9,LastUpdatedOn,datetime2(2),1,0
ORD_POInvProduct,11,LastUpdatedBy,varchar(50),1,0
ORD_POInvoice,3,InvoiceDate,datetime,0,0
ORD_POInvoice,5,PODate,datetime,0,0
ORD_POInvoice,8,DateShipped,datetime,0,0
ORD_POInvoice,9,DueDate,datetime,0,0
ORD_POInvoice,15,LastUpdatedOn,datetime2(2),1,0
ORD_POInvoice,17,LastUpdatedBy,varchar(50),1,0
ORD_POInvoice,23,DatePaid,date,0,0
ORD_POProduct,7,ShippedDate,datetime,0,0
ORD_POProduct,10,LastUpdatedBy,varchar(50),1,0
ORD_POProduct,11,LastUpdatedOn,datetime2(2),1,0
ORD_POProduct,15,InvoiceDate,datetime,0,0
ORD_POProduct,27,DeliveredDate,date,0,0
ORD_POProductOption,6,LastUpdatedBy,varchar(50),1,0
ORD_POProductOption,7,LastUpdatedOn,datetime2(2),1,0
ORD_PurchaseOrder,0,PurchaseOrderID,INT,1,0
ORD_PurchaseOrder,1,MaterialOrderID,INT,0,0
ORD_PurchaseOrder,2,DistributorID,INT,0,0
ORD_PurchaseOrder,3,OrderStatusID,INT,1,0
ORD_PurchaseOrder,4,PONumber,varchar(40),1,0
ORD_PurchaseOrder,5,RequestedShipDate,date,0,0
ORD_PurchaseOrder,6,ValidatedShipDate,date,0,0
ORD_PurchaseOrder,7,CutCharges,"decimal(7,2)",0,0
ORD_PurchaseOrder,8,CreatedBy,varchar(50),1,0
ORD_PurchaseOrder,9,CreatedOn,datetime2(2),1,0
ORD_PurchaseOrder,10,LastUpdatedBy,varchar(50),1,0
ORD_PurchaseOrder,11,LastUpdatedOn,datetime2(2),1,0
ORD_PurchaseOrder,12,GUID,uniqueidentifier,1,0
ORD_PurchaseOrder,13,TotalFreight,"decimal(7,2)",0,0
ORD_PurchaseOrder,14,DistributorInvoiceNumber,varchar(40),0,0
ORD_PurchaseOrder,15,ActualShipDate,date,0,0
ORD_PurchaseOrder,16,IsContainerOrder,bit,1,0
ORD_PurchaseOrder,17,IsPriced,bit,1,0
ORD_PurchaseOrder,18,QuickBooksPayableFlag,bit,1,0
ORD_PurchaseOrder,19,DistributorShipToLocationID,INT,0,0
ORD_PurchaseOrder,20,OriginalPurchaseOrderID,INT,0,0
ORD_PurchaseOrder,21,QBPayableDownloadedDate,datetime,0,0
ORD_PurchaseOrder,22,DeliveredDate,date,0,0
ORD_PurchaseOrder,23,GS1128,varchar(48),0,0
ORD_PurchaseOrder,24,ServiceCompanyID,INT,0,0
ORD_PurchaseOrder,25,RetailOrderID,INT,0,0
ORD_PurchaseOrder,26,ServiceInitiatedDate,date,0,0
ORD_PurchaseOrder,27,PendingTypeID,INT,0,0
ORD_PurchaseOrder,28,PendingReasonID,INT,0,0
ORD_PurchaseOrder,29,CustomPendingReason,varchar(500),0,0
ORD_PurchaseOrder,30,PendingStartDate,datetime,0,0
ORD_PurchaseOrder,31,PendingEndDate,datetime,0,0
ORD_PurchaseOrder,32,SetToPendingBy,nvarchar(128),0,0
ORD_PurchaseOrder,33,RequestedDeliveryDate,date,0,0
ORD_PurchaseOrder,34,ValidatedDeliveryDate,date,0,0
ORD_PurchaseOrder,35,DeliveryFlow,bit,1,0
ORD_PurchaseOrder,36,SONumber,varchar(40),0,0
ORD_PurchaseOrder,37,IsHausPro,bit,1,0
ORD_ROProduct,9,LastUpdatedBy,varchar(50),1,0
ORD_ROProduct,10,LastUpdatedOn,datetime2(2),1,0
ORD_ROProduct,18,ExpectedDeliveryDate,date,0,0
ORD_ROProductChangeRequest,9,LastUpdatedBy,varchar(50),1,0
ORD_ROProductChangeRequest,10,LastUpdatedOn,datetime2(2),1,0
ORD_ROProductGhost,10,LastUpdatedBy,varchar(50),1,0
ORD_ROProductGhost,11,LastUpdatedOn,datetime2(2),1,0
ORD_ROProductIME,8,LastUpdatedBy,varchar(50),1,0
ORD_ROProductIME,9,LastUpdatedOn,datetime2(2),1,0
ORD_RetailOrder,0,RetailOrderID,INT,1,0
ORD_RetailOrder,1,OrderStatusID,INT,1,0
ORD_RetailOrder,2,RONumber,varchar(40),1,0
ORD_RetailOrder,3,ROTypeID,INT,0,0
ORD_RetailOrder,4,RODate,date,1,0
ORD_RetailOrder,5,ProjectNumber,varchar(40),0,0
ORD_RetailOrder,6,CurrencyCode,varchar(3),0,0
ORD_RetailOrder,7,VendorNumber,varchar(40),0,0
ORD_RetailOrder,8,SalesAssocNumber,varchar(20),0,0
ORD_RetailOrder,9,SalesAssocName,nvarchar(100),0,0
ORD_RetailOrder,10,DealerPhone,varchar(25),0,0
ORD_RetailOrder,11,DealerNumber,varchar(32),0,0
ORD_RetailOrder,12,CustomerName,varchar(50),0,0
ORD_RetailOrder,13,CustomerZip,varchar(20),0,0
ORD_RetailOrder,14,MeasureDate,datetime,0,0
ORD_RetailOrder,15,EnterTemplateDate,datetime,0,0
ORD_RetailOrder,16,ScheduledInstallDate,datetime,0,0
ORD_RetailOrder,17,AssignedCompanyID,INT,0,0
ORD_RetailOrder,18,CreatedBy,varchar(50),1,0
ORD_RetailOrder,19,CreatedOn,datetime2(2),1,0
ORD_RetailOrder,20,LastUpdatedBy,varchar(50),1,0
ORD_RetailOrder,21,LastUpdatedOn,datetime2(2),1,0
ORD_RetailOrder,22,GUID,uniqueidentifier,1,0
ORD_RetailOrder,23,ActualInstallDate,date,0,0
ORD_RetailOrder,24,DealerCompanyID,INT,0,0
ORD_RetailOrder,25,ShipPayMethod,varchar(5),0,0
ORD_RetailOrder,26,CabinetFlag,bit,0,0
ORD_RetailOrder,27,CabinetDate,datetime,0,0
ORD_RetailOrder,28,EDIStatusID,INT,0,0
ORD_RetailOrder,29,ProductLineID,INT,0,0
ORD_RetailOrder,30,InvoiceNbr,varchar(40),0,0
ORD_RetailOrder,31,InvoiceDate,datetime,0,0
ORD_RetailOrder,32,InvoiceAmount,money,0,0
ORD_RetailOrder,33,AmountPaid,money,0,0
ORD_RetailOrder,34,DatePaid,datetime,0,0
ORD_RetailOrder,35,CabinetBrandID,INT,0,0
ORD_RetailOrder,36,PSIProject,bit,1,0
ORD_RetailOrder,37,EDIAmountPaid,money,0,0
ORD_RetailOrder,38,EDIAmountInvoiced,money,0,0
ORD_RetailOrder,39,EDIDiscountTaken,money,0,0
ORD_RetailOrder,40,CheckNumber,varchar(100),0,0
ORD_RetailOrder,41,EDIFlag,bit,0,0
ORD_RetailOrder,42,PurchaseOrderTypeCode,varchar(2),0,0
ORD_RetailOrder,43,StoreSampleOrder,bit,1,0
ORD_RetailOrder,44,ShipToCustName,varchar(40),0,0
ORD_RetailOrder,45,ShipToCustPhone,varchar(25),0,0
ORD_RetailOrder,46,WarrantyNumber,varchar(40),0,0
ORD_RetailOrder,47,QuickBooksPayableFlag,bit,1,0
ORD_RetailOrder,48,QuickBooksInvoiceFlag,bit,1,0
ORD_RetailOrder,49,VoucherNumber,varchar(100),0,0
ORD_RetailOrder,50,CancellationReason,INT,0,0
ORD_RetailOrder,51,CFICheckNumber,varchar(20),0,0
ORD_RetailOrder,52,CFIAmountPaid,money,0,0
ORD_RetailOrder,53,CFIDatePaid,date,0,0
ORD_RetailOrder,54,CFIInvoiceNumber,varchar(40),0,0
ORD_RetailOrder,55,AcceptedReturnPolicy,bit,1,0
ORD_RetailOrder,56,DealerCancellationReason,INT,0,0
ORD_RetailOrder,57,WH_Pct,"decimal(6,3)",0,0
ORD_RetailOrder,58,POAmount,money,0,0
ORD_RetailOrder,59,FCB2BFlag,bit,1,0
ORD_RetailOrder,60,QBPayableDownloadedDate,datetime,0,0
ORD_RetailOrder,61,CompanyInterchangeID,varchar(20),0,0
ORD_RetailOrder,62,QBDeaRetInvDownloadedDate,datetime,0,0
ORD_RetailOrder,63,PendingCheckDate,date,0,0
ORD_RetailOrder,64,DeliveryDate,date,0,0
ORD_RetailOrder,65,StoreDelivery,bit,1,0
ORD_RetailOrder,66,FollowUpDate,date,0,0
ORD_RetailOrder,67,IMS,bit,1,0
ORD_RetailOrder,68,ActualMeasureDate,date,0,0
ORD_RetailOrder,69,MorawareJobID,INT,0,0
ORD_RetailOrder,70,BusinessIdentificationNumber,varchar(50),0,0
ORD_RetailOrder,71,MasterReferenceNumber,varchar(5),0,0
ORD_RetailOrder,72,CustomerContactDate,date,0,0
ORD_RetailOrder,73,ReadyToMeasureOrTemplateDate,date,0,0
ORD_RetailOrder,74,Invoiced,bit,1,0
ORD_RetailOrder,75,IsGS1128,bit,1,0
ORD_RetailOrder,76,IsPVReviewNeeded,bit,1,0
ORD_RetailOrder,77,IMSPOStatus,varchar(100),0,0
ORD_RetailOrder,78,IMSJobStatus,varchar(100),0,0
ORD_RetailOrder,79,IME,bit,1,0
ORD_RetailOrder,80,IMEStatus,varchar(100),0,0
ORD_RetailOrder,81,ScheduledDeliveryDate,datetime,0,0
ORD_RetailOrder,82,IMSJobName,varchar(200),0,0
ORD_RetailOrder,83,IsPendingMoreInfo,bit,1,0
ORD_RetailOrder,84,PVReviewRequester,nvarchar(128),0,0
ORD_RetailOrder,85,IsPVCommunicationRequested,bit,1,0
ORD_RetailOrder,86,PVCommunicationRequester,nvarchar(128),0,0
ORD_RetailOrder,87,IMEIgnoreConfirmation,bit,1,0
ORD_RetailOrder,88,ProjectedInstallationDate,date,0,0
ORD_RetailOrder,89,RescheduleReasonID,INT,0,0
ORD_RetailOrder,90,InvoiceAssistanceRequested,bit,1,0
ORD_RetailOrder,91,TemplateRescheduleReasonID,INT,0,0
ORD_RetailOrder,92,ProxyDealerCompanyID,INT,0,0
ORD_RetailOrder,93,DealerRetail,money,0,0
ORD_RetailOrder,94,SCEstAmount,money,0,0
ORD_RetailOrder,95,SCCFIEstAmount,money,0,0
ORD_RetailOrder,96,SCSageEstAmount,money,0,0
ORD_RetailOrder,97,SCCheckNumber,varchar(20),0,0
ORD_RetailOrder,98,SCAmountPaid,money,0,0
ORD_RetailOrder,99,SCCFIAmountPaid,money,0,0
ORD_RetailOrder,100,SCSageAmountPaid,money,0,0
ORD_RetailOrder,101,SCDatePaid,datetime,0,0
ORD_RetailOrder,102,CFIOverride,bit,1,0
ORD_RetailOrder,103,LTRScore,INT,0,0
ORD_RetailOrder,104,Craftsmanship,INT,0,0
ORD_RetailOrder,105,Professionalism,INT,0,0
ORD_RetailOrder,106,EDIInvoiceNumber,varchar(12),0,0
ORD_RetailOrder,107,PendingTypeID,INT,0,0
ORD_RetailOrder,108,PendingReasonID,INT,0,0
ORD_RetailOrder,109,CustomPendingReason,varchar(500),0,0
ORD_RetailOrder,110,PendingStartDate,datetime,0,0
ORD_RetailOrder,111,PendingEndDate,datetime,0,0
ORD_RetailOrder,112,SetToPendingBy,nvarchar(128),0,0
ORD_RetailOrder,113,CustomerNotificationsHalted,bit,0,0
ORD_RetailOrder,114,DistanceToCFIInMiles,"decimal(10,2)",0,0
ORD_RetailOrder,115,QuoteNumber,varchar(40),0,0
ORD_RetailOrder,116,SlabSelectedDate,datetime,0,0
ORD_RetailOrder,117,InvoiceEmailed,bit,1,0
ORD_RetailOrder,118,TemplateCreatedDate,datetime,0,0
ORD_RetailOrder,119,CabinetsOrdered,bit,1,0
ORD_RetailOrder,120,EstimatedCabinetDeliveryDate,date,0,0
ORD_RetailOrder,121,ScheduledInstallStartDate,date,0,0
ORD_RetailOrder,122,ScheduledInstallCompletionDate,date,0,0
ORD_RetailOrder,123,ActualInstallStartDate,date,0,0
ORD_RetailOrder,124,ActualInstallCompletionDate,date,0,0
ORD_RetailOrder,125,IsCabinetInstallIncomplete,bit,0,0
ORD_RetailOrder,126,CabinetInstallIncompleteReason,INT,0,0
ORD_RetailOrder,127,CabinetPOReceivedDate,date,0,0
ORD_RetailOrder,128,OrderGroupID,INT,0,0
ORD_RetailOrder,129,QuickBooksProcessedFlag,bit,0,0
ORD_RetailOrder,130,ScheduledDisconnectDate,date,0,0
ORD_RetailOrder,131,ScheduledReconnectDate,date,0,0
ORD_RetailOrder,132,ReadyForDisconnectDate,date,0,0
ORD_RetailOrder,133,ReadyForReconnectDate,date,0,0
ORD_RetailOrder,134,CabinetShipDate,date,0,0
ORD_RetailOrder,135,CarrierName,varchar(100),0,0
ORD_RetailOrder,136,TrackingNumber,varchar(100),0,0
ORD_RetailOrder,137,ProjectCoordinatorID,INT,0,0
ORD_RetailOrder,138,LowerCabinetsPlumbLevelDate,date,0,0
ORD_RetailOrder,139,RONumberSuffix,varchar(40),0,0
ORD_RetailOrder,140,ProjectVerificationSpecialistID,INT,0,0
ORD_RetailOrder,141,RetailPriceBucketID,INT,0,0
ORD_RetailOrder,142,IsHausPro,bit,1,0
ORD_RetailOrder,143,DeliveryByUserID,INT,0,0
ORD_RetailOrder,144,TemplaterUserID,INT,0,0
ORD_RetailOrder,145,MeasurerUserID,INT,0,0
ORD_RetailOrder,146,InstallerUserID,INT,0,0
ORD_RetailOrder,147,ProjectManagerUserID,INT,0,0
ORD_RetailOrderGroup,0,OrderGroupID,INT,1,0
ORD_RetailOrderGroup,1,CreatedOn,datetime2(2),1,0
ORD_RetailOrderGroup,2,CreatedBy,varchar(50),1,0
ORD_WorkOrder,0,WorkOrderID,INT,1,0
ORD_WorkOrder,1,WONumber,varchar(100),1,0
ORD_WorkOrder,2,WODate,datetime,1,0
ORD_WorkOrder,3,OrderStatusID,INT,1,0
ORD_WorkOrder,4,VendorNumber,varchar(40),0,0
ORD_WorkOrder,5,DealerCompanyID,INT,0,0
ORD_WorkOrder,6,AssignedCompanyID,INT,0,0
ORD_WorkOrder,7,OriginatingROID,INT,0,0
ORD_WorkOrder,8,Description,varchar,0,0
ORD_WorkOrder,9,CustomerName,varchar(50),0,0
ORD_WorkOrder,10,CustomerZip,varchar(20),0,0
ORD_WorkOrder,11,FollowUpDate,date,0,0
ORD_WorkOrder,12,CustomerContactDate,date,0,0
ORD_WorkOrder,13,ScheduledDate,datetime,0,0
ORD_WorkOrder,14,WorkCompleteDate,date,0,0
ORD_WorkOrder,15,GUID,uniqueidentifier,1,0
ORD_WorkOrder,16,CreatedOn,datetime2(2),1,0
ORD_WorkOrder,17,CreatedBy,varchar(50),1,0
ORD_WorkOrder,18,LastUpdatedOn,datetime2(2),1,0
ORD_WorkOrder,19,LastUpdatedBy,varchar(50),1,0
ORD_WorkOrder,20,ReminderSent,bit,1,0
ORD_WorkOrder,21,IMSStatus,varchar(100),0,0
ORD_WorkOrder,22,MorawareJobID,INT,0,0
ORD_WorkOrder,23,IMEStatus,varchar(100),0,0
ORD_WorkOrder,24,CustomerSolutionsRep,varchar(100),0,0
ORD_WorkOrder,25,IssueType,varchar(100),0,0
ORD_WorkOrder,26,IssueSubType,varchar(100),0,0
ORD_WorkOrder,27,IME,bit,1,0
ORD_WorkOrder,28,ProjectNumber,varchar(100),0,0
ORD_WorkOrder,29,PendingTypeID,INT,0,0
ORD_WorkOrder,30,PendingReasonID,INT,0,0
ORD_WorkOrder,31,CustomPendingReason,varchar(500),0,0
ORD_WorkOrder,32,PendingStartDate,datetime,0,0
ORD_WorkOrder,33,PendingEndDate,datetime,0,0
ORD_WorkOrder,34,SetToPendingBy,nvarchar(128),0,0
ORD_WorkOrder,35,TechnicianUserID,INT,0,0
QTE_AdPatchBucketAssigment,8,LastUpdatedBy,varchar(50),1,0
QTE_AdPatchBucketAssigment,9,LastUpdatedOn,datetime2(2),1,0
QTE_AdPatchBucketAssigment,11,StartDate,date,1,0
QTE_AdPatchBucketAssigment,12,EndDate,date,0,0
QTE_FeeBucket,3,StartDate,date,1,0
QTE_FeeBucket,4,EndDate,date,0,0
QTE_FeeBucket,9,LastUpdatedBy,varchar(50),1,0
QTE_FeeBucket,10,LastUpdatedOn,datetime2(2),1,0
QTE_PriceBucket,7,LastUpdatedBy,varchar(50),1,0
QTE_PriceBucket,8,LastUpdatedOn,datetime2(2),1,0
QTE_PriceBucketItem,7,LastUpdatedBy,varchar(50),1,0
QTE_PriceBucketItem,8,LastUpdatedOn,datetime2(2),1,0
QTE_PriceBucketItem,11,StartDate,date,0,0
QTE_PriceBucketItem,12,EndDate,date,0,0
QTE_PriceBucketVersioning,4,StartDate,date,1,0
QTE_PriceBucketVersioning,5,EndDate,date,0,0
QTE_PriceBucketVersioning,12,LastUpdatedOn,datetime2(2),1,0
QTE_PriceBucketVersioning,13,LastUpdatedBy,varchar(50),1,0
QTE_Quote,1,ParentQuoteID,INT,0,0
QTE_Quote,3,QuoteDate,datetime,1,0
QTE_Quote,4,ExpirationDate,datetime,1,0
QTE_Quote,14,CustomerZip,varchar(20),0,0
QTE_Quote,17,LastUpdatedBy,varchar(50),1,0
QTE_Quote,18,LastUpdatedOn,datetime2(2),1,0
QTE_Quote,29,AssignedCompanyID,INT,0,0
QTE_Quote,30,CustomerContactDate,date,0,0
QTE_Quote,31,ScheduledAppointmentDate,datetime,0,0
QTE_Quote,37,PendingTypeID,INT,0,0
QTE_Quote,38,PendingReasonID,INT,0,0
QTE_Quote,39,CustomPendingReason,varchar(500),0,0
QTE_Quote,40,PendingStartDate,datetime,0,0
QTE_Quote,41,PendingEndDate,datetime,0,0
QTE_Quote,42,SetToPendingBy,nvarchar(128),0,0
QTE_Quote,43,SendCustomerEmail,bit,1,0
QTE_TerritoryZipAssignment,0,TerritoryZipID,INT,1,0
QTE_TerritoryZipAssignment,1,PriceTerritoryID,INT,1,0
QTE_TerritoryZipAssignment,2,ZipCode,varchar(30),1,0
SHR_UserLocation,0,LocationID,INT,1,0
SHR_UserLocation,1,CreatedBy,varchar(50),1,0
SHR_UserLocation,2,CreatedOn,datetime2(2),1,0
SHR_UserLocation,3,LastUpdatedBy,varchar(50),1,0
SHR_UserLocation,4,LastUpdatedOn,datetime2(2),1,0
SHR_UserLocation,5,GUID,uniqueidentifier,1,0
SHR_UserLocation,6,UserLocationID,INT,1,0
SHR_UserLocation,7,UserID,INT,1,0
SHR_UserStore,0,UserStoreID,INT,1,0
SHR_UserStore,1,CompanyID,INT,1,0
SHR_UserStore,2,CreatedBy,varchar(50),1,0
SHR_UserStore,3,CreatedOn,datetime2(2),1,0
SHR_UserStore,4,UserID,INT,1,0
SHR_ZipCode,0,ZipCodeID,INT,1,0
SHR_ZipCode,1,ZipCode,varchar(5),1,0
SHR_ZipCode,2,City,varchar(35),1,0
SHR_ZipCode,3,State,varchar(2),1,0
SHR_ZipCode,4,CountryCode,varchar(2),0,0
SHR_ZipCode,5,Latitude,"decimal(12,4)",0,0
SHR_ZipCode,6,Longitude,"decimal(12,4)",0,0
SHR_ZipCode,7,Class,varchar(1),0,0
SHR_ZipCode_ClosestStore,0,ZipCodeID,INT,1,0
SHR_ZipCode_ClosestStore,1,ParentCompanyID,INT,1,0
SHR_ZipCode_ClosestStore,2,ClosestStoreID,INT,1,0
SHR_ZipCode_ClosestStore,3,DistanceToClosestStoreInMeters,INT,0,0
SHR_ZipCode_ClosestStore,4,IsDrivingDistance,bit,1,0
SHR_ZipCode_ClosestStore,5,ID,INT,1,0
SYS_Note,1,ParentGUID,uniqueidentifier,1,0
SYS_Note,8,LastUpdatedBy,varchar(50),1,0
SYS_Note,9,LastUpdatedOn,datetime2(2),1,0
SYS_User,16,LastUpdatedBy,varchar(50),1,0
SYS_User,17,LastUpdatedOn,datetime2(2),1,0
SYS_User,22,IsSendEstimateToCustomers,bit,0,0
SYS_User,30,SendEmailNotification,bit,1,0
